{
  "Russell": 2212.009516922769,
  "Antonelli": 2125.975380287467,
  "Leclerc": 2097.5411791008196,
  "Hamilton": 2069.5634271635686,
  "Norris": 2027.497940486238,
  "Verstappen": 1941.9061745064728,
  "Piastri": 1959.5640090319732,
  "Bearman": 1899.7795023951248,
  "Gasly": 1828.1269643287592,
  "Lawson": 1865.2264928927013,
  "Lindblad": 1634.6216412515007,
  "Hadjar": 1751.1137196867503,
  "Sainz": 1775.2818483406452,
  "Hulkenberg": 1635.2739873995201,
  "Albon": 1700.536233941066,
  "Ocon": 1785.386269945818,
  "Bortoleto": 1741.927509192246,
  "Colapinto": 1718.8252791784714,
  "Alonso": 1660.243096502563,
  "Bottas": 1576.3979615877054,
  "Perez": 1606.8093023655554,
  "Stroll": 1613.058328326386
}