{
  "Russell": 2227.401184916312,
  "Antonelli": 2125.4765279833787,
  "Leclerc": 2117.185378229583,
  "Hamilton": 2086.336837823198,
  "Norris": 2043.1868286862418,
  "Verstappen": 1939.5740013111247,
  "Piastri": 1972.0740114864448,
  "Bearman": 1908.7222786551256,
  "Gasly": 1829.908074253766,
  "Lawson": 1884.5508472583567,
  "Lindblad": 1584.1044872566363,
  "Hadjar": 1737.0933311800065,
  "Sainz": 1778.8120462570382,
  "Hulkenberg": 1601.4737679443251,
  "Albon": 1687.8324876421473,
  "Ocon": 1798.8593582226706,
  "Bortoleto": 1745.7855689313574,
  "Colapinto": 1719.053903306648,
  "Alonso": 1646.977882960483,
  "Bottas": 1544.2635413117707,
  "Perez": 1586.4626217978869,
  "Stroll": 1600.0386041069191
}