{
  "Russell": 2296.188858128545,
  "Antonelli": 2130.4089856650035,
  "Leclerc": 2198.0164253801604,
  "Hamilton": 2154.7707757494004,
  "Norris": 2105.487147760524,
  "Verstappen": 1933.946949642345,
  "Piastri": 2019.37910475785,
  "Bearman": 1940.4574564585635,
  "Gasly": 1833.381412058801,
  "Lawson": 1950.4822745974432,
  "Lindblad": 1408.8142766892859,
  "Hadjar": 1686.1341050393287,
  "Sainz": 1785.6029498036032,
  "Hulkenberg": 1481.6825777273823,
  "Albon": 1638.7046659213552,
  "Ocon": 1840.087831482908,
  "Bortoleto": 1747.4414393541188,
  "Colapinto": 1708.8358977165392,
  "Alonso": 1593.2709826252678,
  "Bottas": 1423.1848731017158,
  "Perez": 1506.9242288505839,
  "Stroll": 1543.9089548097318
}