{
  "Russell": 2187.5128602287346,
  "Antonelli": 2127.9024431784296,
  "Leclerc": 2064.755921570124,
  "Hamilton": 2041.4086814989041,
  "Norris": 2000.7302096826124,
  "Verstappen": 1946.360624443512,
  "Piastri": 1937.5765976402295,
  "Bearman": 1883.4842760337708,
  "Gasly": 1824.036748562213,
  "Lawson": 1829.6206590750332,
  "Lindblad": 1729.6150368113695,
  "Hadjar": 1767.4215737100833,
  "Sainz": 1767.4451690636045,
  "Hulkenberg": 1697.468182674185,
  "Albon": 1722.546376995124,
  "Ocon": 1759.5016555700101,
  "Bortoleto": 1731.4155569239365,
  "Colapinto": 1715.2943167275987,
  "Alonso": 1682.6624707047997,
  "Bottas": 1633.4596583647292,
  "Perez": 1642.0499080977486,
  "Stroll": 1634.2560245479979
}