{
  "Russell": 2270.085542933287,
  "Antonelli": 2127.1826876820187,
  "Leclerc": 2168.5113574146117,
  "Hamilton": 2129.885465969316,
  "Norris": 2083.1200049419,
  "Verstappen": 1935.1863045829277,
  "Piastri": 2002.7842810517448,
  "Bearman": 1929.672964417579,
  "Gasly": 1832.6885920427835,
  "Lawson": 1928.6793896156046,
  "Lindblad": 1468.1536126579024,
  "Hadjar": 1703.243032531051,
  "Sainz": 1784.3811089039002,
  "Hulkenberg": 1522.501310416882,
  "Albon": 1656.121472572178,
  "Ocon": 1827.410604458812,
  "Bortoleto": 1748.9561486575578,
  "Colapinto": 1714.2402379699452,
  "Alonso": 1612.738237178263,
  "Bottas": 1465.7152810093244,
  "Perez": 1535.330467857665,
  "Stroll": 1564.8350021905421
}