{
  "Russell": 2195.891327072721,
  "Antonelli": 2127.099864165857,
  "Leclerc": 2076.1973219903734,
  "Hamilton": 2051.259436685976,
  "Norris": 2010.1601472764585,
  "Verstappen": 1944.747740110635,
  "Piastri": 1945.4177411506196,
  "Bearman": 1889.37757646097,
  "Gasly": 1825.6339609853812,
  "Lawson": 1842.5325451912695,
  "Lindblad": 1694.7717415156565,
  "Hadjar": 1761.578891927712,
  "Sainz": 1770.4598112548647,
  "Hulkenberg": 1674.8683508312722,
  "Albon": 1714.743514144818,
  "Ocon": 1769.0147621965252,
  "Bortoleto": 1735.6918333627857,
  "Colapinto": 1716.992694487676,
  "Alonso": 1674.7908956049139,
  "Bottas": 1613.0102016039511,
  "Perez": 1629.5510827166888,
  "Stroll": 1626.9266582615749
}