{
  "Russell": 2249.334293682823,
  "Antonelli": 2125.783229882653,
  "Leclerc": 2144.0871021942694,
  "Hamilton": 2109.207092672911,
  "Norris": 2064.29319666162,
  "Verstappen": 1936.9351025269173,
  "Piastri": 1988.4938288347773,
  "Bearman": 1920.094033559623,
  "Gasly": 1831.6577906796733,
  "Lawson": 1908.7495780913791,
  "Lindblad": 1520.8962975747274,
  "Hadjar": 1718.6183549770697,
  "Sainz": 1782.3365589841317,
  "Hulkenberg": 1558.6077816913953,
  "Albon": 1670.9605376111213,
  "Ocon": 1814.9476954112213,
  "Bortoleto": 1748.5336688438597,
  "Colapinto": 1717.385304126071,
  "Alonso": 1628.9613660127595,
  "Bottas": 1502.2440024721298,
  "Perez": 1559.3406637890496,
  "Stroll": 1581.7900271918572
}