{
  "Russell": 2263.2887126953333,
  "Antonelli": 2126.6072708301567,
  "Leclerc": 2160.6127618753085,
  "Hamilton": 2123.2064660838005,
  "Norris": 2077.0641550254654,
  "Verstappen": 1935.6810703950537,
  "Piastri": 1998.2217142994539,
  "Bearman": 1926.6453516662125,
  "Gasly": 1832.405862034251,
  "Lawson": 1922.4323422189318,
  "Lindblad": 1484.8002290803838,
  "Hadjar": 1708.0831352381992,
  "Sainz": 1783.830289180652,
  "Hulkenberg": 1533.9212475247791,
  "Albon": 1660.8744730014876,
  "Ocon": 1823.5882477349196,
  "Bortoleto": 1749.0070908205892,
  "Colapinto": 1715.4054726876495,
  "Alonso": 1617.972258725209,
  "Bottas": 1477.381222777877,
  "Perez": 1543.0394526829036,
  "Stroll": 1570.356310464655
}