{
  "Russell": 2283.3449738874506,
  "Antonelli": 2128.624319336621,
  "Leclerc": 2183.6563926110975,
  "Hamilton": 2142.671379851147,
  "Norris": 2094.64960791596,
  "Verstappen": 1934.430147032843,
  "Piastri": 2011.3870125870403,
  "Bearman": 1935.3068589299705,
  "Gasly": 1833.1108946599115,
  "Lawson": 1940.1614346108113,
  "Lindblad": 1437.180792759154,
  "Hadjar": 1694.2817545588098,
  "Sainz": 1785.1651426036171,
  "Hulkenberg": 1501.2118519912894,
  "Albon": 1647.1190638826818,
  "Ocon": 1834.220392053491,
  "Bortoleto": 1748.4192364517176,
  "Colapinto": 1711.6577040450536,
  "Alonso": 1602.7308180729979,
  "Bottas": 1443.693096976298,
  "Perez": 1520.6789270631898,
  "Stroll": 1554.151179141901
}