{
  "Russell": 2178.8881997999874,
  "Antonelli": 2128.8643903764764,
  "Leclerc": 2052.7099507876223,
  "Hamilton": 2031.0059865480296,
  "Norris": 1990.695507420105,
  "Verstappen": 1948.09994170618,
  "Piastri": 1929.1209757481008,
  "Bearman": 1877.0365569005123,
  "Gasly": 1822.1554208484322,
  "Lawson": 1815.4778898408736,
  "Lindblad": 1762.1406438838715,
  "Hadjar": 1773.534349905089,
  "Sainz": 1763.9584667607592,
  "Hulkenberg": 1722.3682300544526,
  "Albon": 1730.906341071019,
  "Ocon": 1748.0610821007137,
  "Bortoleto": 1726.2015861646603,
  "Colapinto": 1712.9641742839647,
  "Alonso": 1691.0103528662064,
  "Bottas": 1655.6595425064584,
  "Perez": 1655.4556265235417,
  "Stroll": 1641.9016463896628
}