{
  "Russell": 2276.7693606196954,
  "Antonelli": 2127.857350007728,
  "Leclerc": 2176.1880182192954,
  "Hamilton": 2136.3696569325184,
  "Norris": 2088.9772696903487,
  "Verstappen": 1934.771319758707,
  "Piastri": 2007.1680266369417,
  "Bearman": 1932.5558193938123,
  "Gasly": 1832.921403728089,
  "Lawson": 1934.5787960660818,
  "Lindblad": 1452.307662420609,
  "Hadjar": 1698.6505118459602,
  "Sainz": 1784.8217870936112,
  "Hulkenberg": 1511.6151487483319,
  "Albon": 1651.5408623008211,
  "Ocon": 1830.9452881176046,
  "Bortoleto": 1748.752360355243,
  "Colapinto": 1712.9855052314444,
  "Alonso": 1607.6613523164037,
  "Bottas": 1454.4986766852605,
  "Perez": 1527.8837856208438,
  "Stroll": 1559.435249141467
}