{
  "Russell": 2219.7895332487356,
  "Antonelli": 2125.651307435405,
  "Leclerc": 2107.5555937408344,
  "Hamilton": 2078.1227558612236,
  "Norris": 2035.5270963912135,
  "Verstappen": 1940.679773970356,
  "Piastri": 1966.0005056388482,
  "Bearman": 1904.411462803124,
  "Gasly": 1829.0938216840225,
  "Lawson": 1875.26108413544,
  "Lindblad": 1608.3493398878395,
  "Hadjar": 1744.1451839586737,
  "Sainz": 1777.188308588836,
  "Hulkenberg": 1617.7538356092205,
  "Albon": 1694.0184906133127,
  "Ocon": 1792.4441959593642,
  "Bortoleto": 1744.1081961405919,
  "Colapinto": 1719.1084795879494,
  "Alonso": 1653.4688724241928,
  "Bottas": 1559.8476504666776,
  "Perez": 1596.374675799649,
  "Stroll": 1606.4543753888245
}