{
  "Russell": 2242.164278309242,
  "Antonelli": 2125.5495797094386,
  "Leclerc": 2135.423720652155,
  "Hamilton": 2101.8535254607655,
  "Norris": 2057.5407981360017,
  "Verstappen": 1937.7073250807262,
  "Piastri": 1983.2890598516813,
  "Bearman": 1916.5330916627008,
  "Gasly": 1831.1718768128685,
  "Lawson": 1901.2272520872434,
  "Lindblad": 1540.5940373628036,
  "Hadjar": 1724.3797541396236,
  "Sainz": 1781.3564243921899,
  "Hulkenberg": 1572.023196991672,
  "Albon": 1676.3301324595707,
  "Ocon": 1810.0506814964629,
  "Bortoleto": 1747.9367194581994,
  "Colapinto": 1718.1485863464313,
  "Alonso": 1634.7451836678797,
  "Bottas": 1515.5508213951978,
  "Perez": 1567.989921365341,
  "Stroll": 1587.7174853991078
}