{
  "Russell": 2289.81678692515,
  "Antonelli": 2129.476965277547,
  "Leclerc": 2190.9288019900514,
  "Hamilton": 2148.8017381241643,
  "Norris": 2100.149237450255,
  "Verstappen": 1934.1571307818936,
  "Piastri": 2015.4536812663525,
  "Bearman": 1937.9374133111626,
  "Gasly": 1833.2626481993002,
  "Lawson": 1945.4545456821193,
  "Lindblad": 1422.7030923151603,
  "Hadjar": 1690.1157886095682,
  "Sainz": 1785.4223006301452,
  "Hulkenberg": 1491.24719772268,
  "Albon": 1642.8439510121304,
  "Ocon": 1837.260632695735,
  "Bortoleto": 1747.9766500986077,
  "Colapinto": 1710.2706332514472,
  "Alonso": 1597.9369417011426,
  "Bottas": 1433.2650016673522,
  "Perez": 1513.6977750161716,
  "Stroll": 1548.9774041679532
}