{
  "Russell": 2204.049247310375,
  "Antonelli": 2126.4571318227972,
  "Leclerc": 2087.104921558718,
  "Hamilton": 2060.624546268396,
  "Norris": 2019.0600975033844,
  "Verstappen": 1943.2611590993251,
  "Piastri": 1952.7223820302786,
  "Bearman": 1894.786161609338,
  "Gasly": 1826.9831659166762,
  "Lawson": 1854.355357898945,
  "Lindblad": 1663.2809216271135,
  "Hadjar": 1755.9839305533333,
  "Sainz": 1773.0529472432956,
  "Hulkenberg": 1654.230230947502,
  "Albon": 1707.4256332348493,
  "Ocon": 1777.6068616063908,
  "Bortoleto": 1739.1543078256432,
  "Colapinto": 1718.1414534708254,
  "Alonso": 1667.333427668027,
  "Bottas": 1594.0582297240335,
  "Perez": 1617.836899593132,
  "Stroll": 1619.8706925103752
}