{
  "Russell": 2256.3735834625895,
  "Antonelli": 2126.1383100362245,
  "Leclerc": 2152.477026936215,
  "Hamilton": 2116.3188562167843,
  "Norris": 2070.794354873956,
  "Verstappen": 1936.2618570941538,
  "Piastri": 1993.464334838061,
  "Bearman": 1923.458108608655,
  "Gasly": 1832.0653788630868,
  "Lawson": 1915.8024913533557,
  "Lindblad": 1502.3433459285372,
  "Hadjar": 1713.1979329290941,
  "Sainz": 1783.1545055975384,
  "Hulkenberg": 1545.9338815672554,
  "Albon": 1665.8151078623546,
  "Ocon": 1819.4461724875405,
  "Bortoleto": 1748.87730819915,
  "Colapinto": 1716.4616216693692,
  "Alonso": 1623.375464560651,
  "Bottas": 1489.5405120205135,
  "Perez": 1551.0340001085967,
  "Stroll": 1576.0056136652765
}