{
  "Russell": 2234.8560951243967,
  "Antonelli": 2125.4449003432837,
  "Leclerc": 2126.464915369546,
  "Hamilton": 2094.237922620551,
  "Norris": 2050.514240835712,
  "Verstappen": 1938.584942723748,
  "Piastri": 1977.82542409008,
  "Bearman": 1912.7517739877296,
  "Gasly": 1830.5941048711568,
  "Lawson": 1893.1818429364398,
  "Lindblad": 1561.5983581009823,
  "Hadjar": 1730.5226089885305,
  "Sainz": 1780.1907145475207,
  "Hulkenberg": 1586.2745861593542,
  "Albon": 1681.9458183857746,
  "Ocon": 1804.7065874787622,
  "Bortoleto": 1747.0394068693047,
  "Colapinto": 1718.7180817345206,
  "Alonso": 1640.744149310937,
  "Bottas": 1529.5301621159979,
  "Perez": 1577.0169546804073,
  "Stroll": 1593.7969353238389
}